Workbook

Sheet Test Summary
A1: Test Summary
A3: Project / CR Name | C3: <Epic Name> | M3: Planned Release Date | S3: mm/dd/yyyy | W3: Actual Release Date | AB3: mm/dd/yyyy
A4: QA Task JIRA Link | C4: <JIRA Link of the QA Execution Task>
A5: QA Sign Off for UAT | C5: GO!!
A6: Reason | C6: <Reasons for GO or NO GO>
A7: Signed Off By
B10: Planned Total Test Case Count | D10: Total No. of TC Executed (Passed + Failed) | I10: Passed | N10: Failed | S10: Blocked (Cannot Test due to Data / Access / Not Implemented/Due to Defects / Clarifications) | X10: Not Applicable | AC10: Not Executed
D11: Tot | E11: H | F11: M | G11: L | I11: Tot | J11: H | K11: M | L11: L | N11: Tot | O11: H | P11: M | Q11: L | S11: Tot | T11: H | U11: M | V11: L | X11: Tot | Y11: H | Z11: M | AA11: L | AC11: Tot | AD11: H | AE11: M | AF11: L
B12: =I12+N12+S12+X12+AC12 | D12: =SUM(E12:G12) | E12: =J12+O12 | F12: =K12+P12 | G12: =L12+Q12 | I12: =SUM(J12:L12) | J12: =COUNTIFS('Test Cases'!$H:$H,"Pass",'Test Cases'!$I:$I,"High")+COUNTIFS('Test Cases'!$H:$H,"Fixed",'Test Cases'!$I:$I,"High") | K12: =COUNTIFS('Test Cases'!$H:$H,"Pass",'Test Cases'!$I:$I,"Medium")+COUNTIFS('Test Cases'!$H:$H,"Fixed",'Test Cases'!$I:$I,"Medium") | L12: =COUNTIFS('Test Cases'!$H:$H,"Pass",'Test Cases'!$I:$I,"Low")+COUNTIFS('Test Cases'!$H:$H,"Fixed",'Test Cases'!$I:$I,"Low") | N12: =SUM(O12:Q12) | O12: =COUNTIFS('Test Cases'!$H:$H,"Fail",'Test Cases'!$I:$I,"High") | P12: =COUNTIFS('Test Cases'!$H:$H,"Fail",'Test Cases'!$I:$I,"Medium") | Q12: =COUNTIFS('Test Cases'!$H:$H,"Fail",'Test Cases'!$I:$I,"Low") | S12: =SUM(T12:V12) | T12: =COUNTIFS('Test Cases'!$H:$H,"Blocked",'Test Cases'!$I:$I,"High") | U12: =COUNTIFS('Test Cases'!$H:$H,"Blocked",'Test Cases'!$I:$I,"Medium") | V12: =COUNTIFS('Test Cases'!$H:$H,"Blocked",'Test Cases'!$I:$I,"Low") | X12: =SUM(Y12:AA12) | Y12: =COUNTIFS('Test Cases'!$H:$H,"Not Applicable",'Test Cases'!$I:$I,"High") | Z12: =COUNTIFS('Test Cases'!$H:$H,"Not Applicable",'Test Cases'!$I:$I,"Medium") | AA12: =COUNTIFS('Test Cases'!$H:$H,"Not Applicable",'Test Cases'!$I:$I,"Low") | AC12: =SUM(AD12:AF12) | AD12: =COUNTIFS('Test Cases'!$H:$H,"Not Executed",'Test Cases'!$I:$I,"High") | AE12: =COUNTIFS('Test Cases'!$H:$H,"Not Executed",'Test Cases'!$I:$I,"Medium") | AF12: =COUNTIFS('Test Cases'!$H:$H,"Not Executed",'Test Cases'!$I:$I,"Low")
B15: Overall Test Status
B16: Total No. of Aplicable Test Cases | D16: =B12-X12
B17: Total Executed Test Cases | D17: =D12
B18: Total Not Executed | D18: =AC12+S12
B19: Retested Due to Defect Fixes | D19: =COUNTIFS('Test Cases'!$H:$H,"Fixed")
B20: Test Coverage (%) | D20: =(D17/D16)
B21: Pass Rate (%) | D21: =(I12/D17)
B24: Blocked Reason | N24: No. of TCs
N27: =SUM(N25:N26)
B30: Not Applicable Reason | N30: No. of TCs
N33: =SUM(N31:N32)

Sheet Defect Summary
A1: Defect Summary
B3: Overall Defect Status
B4: Total No. of Raised Defects | C4: =SUM(C10:D13)
B5: Total No. of Open Defects | C5: =SUM(C10:C13)
B6: Open Defect Severity Index (DSI) | C6: =((C10*4) + (C11*3) + (C12*2) +(C13*1))/C5
B9: Defect Severity Summary | C9: No. of Defects Open | D9: No. of Defects Closed
B10: Critical (S1) | C10: =COUNTIFS($E:$E, "Critical",$J:$J, "Unresolved") | D10: =COUNTIFS($E:$E, "Critical", $J:$J, "Fixed")
B11: High (S2) | C11: =COUNTIFS($E:$E, "High", $J:$J, "Unresolved") | D11: =COUNTIFS($E:$E, "High", $J:$J, "Fixed")
B12: Medium (S3) | C12: =COUNTIFS($E:$E, "Medium", $J:$J, "Unresolved") | D12: =COUNTIFS($E:$E, "Medium", $J:$J, "Fixed")
B13: Low (S4) | C13: =COUNTIFS($E:$E, "Low", $J:$J, "Unresolved") | D13: =COUNTIFS($E:$E, "Low", $J:$J, "Fixed")
B16: Defect Priority Summary | C16: No. of Defects Open | D16: No. of Defects Closed
B17: Critical | C17: =COUNTIFS($F:$F, "Critical", $J:$J, "Unresolved") | D17: =COUNTIFS($F:$F, "Critical", $J:$J, "Fixed")
B18: High | C18: =COUNTIFS($F:$F, "High", $J:$J, "Unresolved") | D18: =COUNTIFS($F:$F, "High", $J:$J, "Fixed")
B19: Medium | C19: =COUNTIFS($F:$F, "Medium", $J:$J, "Unresolved") | D19: =COUNTIFS($F:$F, "Medium", $J:$J, "Fixed")
B20: Low | C20: =COUNTIFS($F:$F, "Low", $J:$J, "Unresolved") | D20: =COUNTIFS($F:$F, "Low", $J:$J, "Fixed")
B23: JIRA Defect ID | C23: JIRA Link | D23: Defect Summary | E23: Severity | F23: Priority | G23: Date Opened | H23: Defect Routed To | I23: Date Closed | J23: Status | K23: Comments | L23: Failed Test Case Count

Sheet Clarification Summary
A1: Clarification Summary
B3: Overall Clarification Status
B4: No. of Open Clarifications | C4: =COUNTIFS($J:$J, "Unresolved")
B5: No. of Closed Clarifications | C5: =COUNTIFS($J:$J, "Resolved")
B8: JIRA Clarification ID | C8: JIRA Link | D8: Clarification Summary | E8: Severity | F8: Priority | G8: Date Opened | H8: Clarification Routed To | I8: Date Closed | J8: Status | K8: Comments

Sheet Test Cases
A1: Test Case ID | B1: Requirement ID | C1: Title | D1: Description | E1: Test Step | F1: Test Data | G1: Expected Results | H1: Test Results | I1: Priority | J1: Severity | K1: Defect_ID | L1: Assignee | M1: Comment
A2: TC_001 | B2: REQ_001 | C2: Verify Successful Login with Valid Credentials | D2: Preconditions: User must have an active registered account. Verify that a user can successfully log in using valid credentials. | E2: 1. Navigate to the Login page URL. | F2: URL: https://example.com/login | G2: Login page is displayed with Username and Password fields. | H2: Not Executed | I2: High | J2: Blocker
E3: 2. Enter a valid registered username. | F3: Username: valid_user@example.com | G3: Username field accepts the input.
E4: 3. Enter the correct password corresponding to the username. | F4: Password: Password123! | G4: Password field accepts the input and displays masked characters.
E5: 4. Click on the 'Login' button. | F5: N/A | G5: User is successfully authenticated and redirected to the user dashboard.
A7: TC_002 | B7: REQ_001 | C7: Verify Login Fails with Incorrect Password | D7: Preconditions: User account exists. Verify that system prevents authentication when an incorrect password is supplied. | E7: 1. Navigate to the Login page URL. | F7: URL: https://example.com/login | G7: Login page renders completely. | H7: Not Executed | I7: High | J7: Critical
E8: 2. Enter a valid registered username. | F8: Username: valid_user@example.com | G8: Username is populated.
E9: 3. Enter an incorrect password. | F9: Password: WrongPassword999 | G9: Password field accepts the input.
E10: 4. Click on the 'Login' button. | F10: N/A | G10: Login fails and an inline error message 'Invalid username or password' is displayed.
A12: TC_003 | B12: REQ_001 | C12: Verify Form Validation for Blank Input Fields | D12: Preconditions: Login page loaded. Verify that submitting empty credentials triggers client-side or server-side field validation. | E12: 1. Navigate to the Login page URL. | F12: URL: https://example.com/login | G12: Login form is visible with empty fields. | H12: Not Executed | I12: Medium | J12: Major
E13: 2. Leave Username field empty. | F13: Username: '' | G13: Username field remains blank.
E14: 3. Leave Password field empty. | F14: Password: '' | G14: Password field remains blank.
E15: 4. Click on the 'Login' button. | F15: N/A | G15: Login request is not submitted and validation messages 'Username is required' and 'Password is required' appear.
A17: TC_004 | B17: REQ_001 | C17: Verify Password Field Maximum Length Boundary Limit | D17: Preconditions: Login page loaded. Test input boundary limits for password field configured for maximum 128 characters. | E17: 1. Navigate to the Login page URL. | F17: URL: https://example.com/login | G17: Login page is loaded. | H17: Not Executed | I17: Medium | J17: Minor
E18: 2. Enter a valid registered username. | F18: Username: valid_user@example.com | G18: Username input accepted.
E19: 3. Enter a string of 129 characters into the password field. | F19: Password: 129-character string (e.g., A*129) | G19: Password field restricts input to a maximum length of 128 characters or truncates the 129th character.
E20: 4. Click on the 'Login' button. | F20: N/A | G20: System handles the truncated/boundary input gracefully without crashing or throwing unhandled server errors.
A22: TC_005 | B22: REQ_001 | C22: Verify Account Lockout After Multiple Consecutive Failed Login Attempts | D22: Preconditions: User account is active and system threshold is set to lock account after 5 failed login attempts. | E22: 1. Navigate to the Login page URL. | F22: URL: https://example.com/login | G22: Login page is available. | H22: Not Executed | I22: High | J22: Critical
E23: 2. Enter valid username and wrong password 5 consecutive times. | F23: Username: valid_user@example.com, Password: WrongPassword1 | G23: Each attempt fails showing invalid credentials error.
E24: 3. Perform the 6th login attempt with correct password. | F24: Username: valid_user@example.com, Password: Password123! | G24: Login attempt is rejected.
E25: 4. Verify the displayed error message. | F25: N/A | G25: System displays account lockout warning: 'Your account has been locked due to multiple failed login attempts. Please reset your password or try again later.'

Sheet Test Data
A1: Test Data
